"Symbol  ","Series  ","Date  ","Prev Close  ","Open Price  ","High Price  ","Low Price  ","Last Price  ","Close Price  ","Average Price ","Total Traded Quantity  ","Turnover ₹  ","No. of Trades  ","Deliverable Qty  ","% Dly Qt to Traded Qty  "
"BSE","EQ","24-Jun-2024","2,560.20","2,550.00","2,550.00","2,492.00","2,510.00","2,497.95","2,506.19","9,63,273","2,41,41,44,499.90","94,328","6,39,491","66.39"
"BSE","EQ","25-Jun-2024","2,497.95","2,515.00","2,545.00","2,500.00","2,520.95","2,520.55","2,521.41","4,53,837","1,14,43,10,644.30","48,661","2,68,356","59.13"
"BSE","EQ","26-Jun-2024","2,520.55","2,532.00","2,556.05","2,501.00","2,544.00","2,541.10","2,526.29","5,38,178","1,35,95,92,403.00","49,330","3,30,902","61.49"
"BSE","EQ","27-Jun-2024","2,541.10","2,550.00","2,565.00","2,525.00","2,550.00","2,553.80","2,546.44","5,83,469","1,48,57,70,056.70","57,049","4,03,654","69.18"
"BSE","EQ","28-Jun-2024","2,553.80","2,581.00","2,642.70","2,560.05","2,578.80","2,582.55","2,595.66","11,00,517","2,85,65,68,041.35","68,833","4,77,822","43.42"
"BSE","EQ","01-Jul-2024","2,582.55","2,600.00","2,619.75","2,570.05","2,575.20","2,574.10","2,591.59","5,83,442","1,51,20,40,337.05","67,726","3,63,689","62.34"
"BSE","EQ","02-Jul-2024","2,574.10","2,560.00","2,560.00","2,483.00","2,490.00","2,487.10","2,503.90","10,79,501","2,70,29,64,079.80","1,09,137","7,11,084","65.87"
"BSE","EQ","03-Jul-2024","2,487.10","2,495.00","2,509.50","2,447.00","2,464.80","2,457.75","2,467.76","7,28,280","1,79,72,21,770.40","75,435","5,13,561","70.52"
"BSE","EQ","04-Jul-2024","2,457.75","2,458.00","2,499.00","2,454.00","2,463.00","2,457.35","2,474.56","5,38,942","1,33,36,45,514.65","49,973","3,33,880","61.95"
"BSE","EQ","05-Jul-2024","2,457.35","2,468.00","2,468.60","2,395.00","2,415.00","2,405.35","2,414.74","8,36,004","2,01,87,35,646.90","73,795","6,12,378","73.25"
"BSE","EQ","08-Jul-2024","2,405.35","2,410.00","2,420.00","2,356.00","2,385.00","2,380.35","2,378.52","5,96,342","1,41,84,09,468.15","70,035","3,35,850","56.32"
"BSE","EQ","09-Jul-2024","2,380.35","2,390.00","2,453.95","2,328.00","2,333.95","2,336.60","2,370.78","11,66,229","2,76,48,75,754.25","98,477","8,22,422","70.52"
"BSE","EQ","10-Jul-2024","2,336.60","2,331.00","2,384.00","2,245.00","2,260.00","2,254.25","2,290.93","23,01,227","5,27,19,39,564.50","1,54,103","17,26,918","75.04"
"BSE","EQ","11-Jul-2024","2,254.25","2,272.00","2,388.00","2,272.00","2,345.65","2,332.55","2,338.04","23,47,668","5,48,89,30,430.10","1,57,383","13,44,607","57.27"
"BSE","EQ","12-Jul-2024","2,332.55","2,362.25","2,385.00","2,338.30","2,367.00","2,363.80","2,362.79","6,18,662","1,46,17,67,551.05","54,869","3,73,003","60.29"
"BSE","EQ","15-Jul-2024","2,363.80","2,380.00","2,389.00","2,330.00","2,376.00","2,371.25","2,355.48","6,62,301","1,56,00,38,760.15","75,280","4,32,832","65.35"
"BSE","EQ","16-Jul-2024","2,371.25","2,370.00","2,404.55","2,365.00","2,369.00","2,371.40","2,383.07","4,09,094","97,48,99,160.50","34,761","2,48,924","60.85"
"BSE","EQ","18-Jul-2024","2,371.40","2,365.00","2,366.90","2,284.00","2,303.50","2,300.40","2,303.52","7,53,728","1,73,62,28,280.70","66,882","5,23,256","69.42"
"BSE","EQ","19-Jul-2024","2,300.40","2,286.00","2,290.40","2,245.80","2,253.00","2,252.75","2,259.41","5,67,924","1,28,31,73,458.40","50,367","4,00,030","70.44"
"BSE","EQ","22-Jul-2024","2,252.75","2,220.00","2,298.00","2,180.00","2,194.00","2,208.35","2,238.96","5,55,326","1,24,33,50,316.80","56,370","3,27,094","58.90"
"BSE","EQ","23-Jul-2024","2,208.35","2,206.80","2,295.00","2,115.00","2,237.70","2,226.30","2,233.09","14,91,065","3,32,96,78,904.90","1,05,575","6,78,492","45.50"
"BSE","EQ","24-Jul-2024","2,226.30","2,245.00","2,435.00","2,243.60","2,419.00","2,413.50","2,380.80","21,55,888","5,13,27,28,037.25","1,27,567","8,92,546","41.40"
"BSE","EQ","25-Jul-2024","2,413.50","2,400.00","2,490.50","2,361.05","2,474.45","2,468.30","2,454.27","14,39,123","3,53,19,93,268.70","99,921","6,60,117","45.87"
"BSE","EQ","26-Jul-2024","2,468.30","2,473.45","2,477.80","2,421.70","2,448.00","2,447.50","2,450.83","4,49,183","1,10,08,70,355.75","37,466","2,26,648","50.46"
"BSE","EQ","29-Jul-2024","2,447.50","2,466.30","2,472.95","2,424.00","2,436.95","2,440.25","2,443.88","4,42,791","1,08,21,26,910.30","35,648","2,24,082","50.61"
"BSE","EQ","30-Jul-2024","2,440.25","2,440.00","2,459.95","2,407.75","2,412.55","2,412.30","2,431.86","3,17,927","77,31,53,641.05","32,127","1,83,687","57.78"
"BSE","EQ","31-Jul-2024","2,412.30","2,375.10","2,607.70","2,374.00","2,559.00","2,556.45","2,564.22","34,26,971","8,78,74,98,684.80","2,04,310","13,63,381","39.78"
"BSE","EQ","01-Aug-2024","2,556.45","2,611.00","2,660.00","2,571.25","2,640.00","2,643.25","2,630.34","18,08,504","4,75,69,72,507.40","1,40,257","8,41,625","46.54"
"BSE","EQ","02-Aug-2024","2,643.25","2,575.00","2,619.00","2,556.85","2,565.00","2,563.70","2,586.51","7,36,612","1,90,52,54,239.75","71,532","3,67,093","49.84"
"BSE","EQ","05-Aug-2024","2,563.70","2,444.00","2,488.60","2,340.00","2,384.90","2,387.60","2,399.14","15,03,846","3,60,79,30,971.15","1,34,820","8,36,002","55.59"
"BSE","EQ","06-Aug-2024","2,387.60","2,435.35","2,490.00","2,306.10","2,323.00","2,317.35","2,385.01","9,12,824","2,17,70,97,645.80","86,304","4,56,519","50.01"
"BSE","EQ","07-Aug-2024","2,317.35","2,380.00","2,416.00","2,341.90","2,400.40","2,398.55","2,388.11","6,14,984","1,46,86,51,057.80","59,329","3,13,110","50.91"
"BSE","EQ","08-Aug-2024","2,398.55","2,657.00","2,657.00","2,530.00","2,589.00","2,599.80","2,596.28","36,43,222","9,45,88,32,470.95","2,17,318","10,18,747","27.96"
"BSE","EQ","09-Aug-2024","2,599.80","2,624.95","2,681.00","2,562.15","2,642.00","2,650.50","2,647.59","17,73,232","4,69,47,90,113.45","1,21,255","6,96,230","39.26"
"BSE","EQ","12-Aug-2024","2,650.50","2,600.00","2,645.00","2,566.00","2,573.00","2,571.65","2,594.64","6,51,385","1,69,01,10,339.65","49,849","3,30,681","50.77"
"BSE","EQ","13-Aug-2024","2,571.65","2,588.00","2,617.80","2,544.00","2,591.00","2,592.05","2,578.04","6,23,188","1,60,66,04,104.60","40,436","3,25,606","52.25"
"BSE","EQ","14-Aug-2024","2,592.05","2,610.00","2,611.00","2,525.00","2,565.00","2,559.70","2,553.66","4,16,027","1,06,23,90,945.90","37,468","2,14,245","51.50"
"BSE","EQ","16-Aug-2024","2,559.70","2,573.00","2,677.00","2,542.55","2,643.00","2,645.95","2,626.12","12,87,709","3,38,16,81,920.50","92,023","6,27,654","48.74"
"BSE","EQ","19-Aug-2024","2,645.95","2,671.95","2,720.00","2,646.00","2,680.00","2,676.20","2,683.60","7,90,797","2,12,21,84,938.10","56,793","3,58,848","45.38"
"BSE","EQ","20-Aug-2024","2,676.20","2,683.50","2,763.00","2,652.00","2,712.45","2,703.00","2,716.08","13,49,232","3,66,46,17,577.65","82,525","5,36,567","39.77"
"BSE","EQ","21-Aug-2024","2,703.00","2,718.00","2,754.50","2,662.30","2,686.25","2,689.90","2,695.27","5,43,111","1,46,38,30,586.85","40,819","2,53,662","46.71"
"BSE","EQ","22-Aug-2024","2,689.90","2,692.00","2,750.00","2,669.50","2,725.00","2,726.85","2,719.60","7,64,611","2,07,94,39,753.45","49,978","3,95,238","51.69"
"BSE","EQ","23-Aug-2024","2,726.85","2,726.85","2,800.00","2,701.10","2,745.85","2,741.65","2,760.67","13,97,860","3,85,90,32,743.00","93,256","5,67,916","40.63"
"BSE","EQ","26-Aug-2024","2,741.65","2,755.40","2,767.00","2,710.10","2,725.80","2,727.65","2,727.19","3,84,051","1,04,73,80,411.60","31,893","2,17,465","56.62"
"BSE","EQ","27-Aug-2024","2,727.65","2,733.00","2,753.45","2,681.00","2,705.00","2,700.25","2,707.19","4,90,154","1,32,69,40,360.70","39,647","2,86,169","58.38"
"BSE","EQ","28-Aug-2024","2,700.25","2,765.00","2,835.40","2,741.50","2,780.00","2,780.65","2,793.38","15,71,064","4,38,85,75,687.35","92,003","5,73,064","36.48"
"BSE","EQ","29-Aug-2024","2,780.65","2,784.00","2,837.00","2,762.20","2,815.00","2,811.75","2,804.72","10,80,089","3,02,93,47,618.60","74,174","5,51,230","51.04"
"BSE","EQ","30-Aug-2024","2,811.75","2,839.00","2,850.00","2,806.00","2,840.00","2,832.65","2,827.75","6,62,020","1,87,20,26,009.50","52,525","3,85,847","58.28"
"BSE","EQ","02-Sep-2024","2,832.65","2,839.50","2,839.50","2,751.00","2,758.00","2,765.10","2,773.61","5,64,639","1,56,60,86,800.15","41,619","3,42,365","60.63"
"BSE","EQ","03-Sep-2024","2,765.10","2,760.10","2,778.20","2,700.10","2,737.00","2,731.95","2,734.67","4,36,496","1,19,36,71,362.05","36,254","2,40,439","55.08"
"BSE","EQ","04-Sep-2024","2,731.95","2,705.00","2,815.00","2,701.00","2,769.95","2,760.35","2,760.30","7,55,257","2,08,47,38,448.85","52,410","4,05,931","53.75"
"BSE","EQ","05-Sep-2024","2,760.35","2,768.00","2,895.00","2,768.00","2,883.00","2,890.60","2,862.79","15,31,205","4,38,35,23,446.70","1,00,180","8,48,720","55.43"
"BSE","EQ","06-Sep-2024","2,890.60","2,902.10","2,932.45","2,805.00","2,834.00","2,824.25","2,863.49","7,22,880","2,06,99,62,833.50","53,540","3,64,610","50.44"
"BSE","EQ","09-Sep-2024","2,824.25","2,819.20","2,849.00","2,741.30","2,837.00","2,834.80","2,798.43","5,55,619","1,55,48,59,357.70","41,339","2,38,998","43.01"
"BSE","EQ","10-Sep-2024","2,834.80","2,840.00","2,870.00","2,813.15","2,845.00","2,850.70","2,849.36","4,44,342","1,26,60,91,680.20","36,232","2,26,870","51.06"
"BSE","EQ","11-Sep-2024","2,850.70","2,851.00","2,945.90","2,828.80","2,880.05","2,881.90","2,896.94","7,30,132","2,11,51,47,137.75","52,117","3,19,308","43.73"
"BSE","EQ","12-Sep-2024","2,881.90","2,888.00","2,905.00","2,831.75","2,871.00","2,869.00","2,857.89","3,84,636","1,09,92,47,526.70","33,326","1,85,502","48.23"
"BSE","EQ","13-Sep-2024","2,869.00","2,892.00","2,935.50","2,874.00","2,900.00","2,902.70","2,905.90","7,54,255","2,19,17,88,903.15","44,737","4,94,097","65.51"
"BSE","EQ","16-Sep-2024","2,902.70","2,960.00","3,459.00","2,955.00","3,420.00","3,431.80","3,272.05","1,06,58,953","34,87,65,77,071.75","4,85,914","23,81,169","22.34"
"BSE","EQ","17-Sep-2024","3,431.80","3,420.00","3,557.00","3,315.00","3,339.00","3,333.70","3,410.30","40,82,276","13,92,17,84,407.00","2,60,442","10,37,605","25.42"
"BSE","EQ","18-Sep-2024","3,333.70","3,348.00","3,945.00","3,345.00","3,844.00","3,896.15","3,747.78","1,56,31,728","58,58,43,34,142.05","8,28,598","19,17,560","12.27"
"BSE","EQ","19-Sep-2024","3,896.15","3,896.00","3,896.00","3,575.95","3,710.00","3,711.20","3,684.12","62,45,517","23,00,92,63,052.65","3,64,124","13,60,617","21.79"
"BSE","EQ","20-Sep-2024","3,711.20","3,735.00","4,050.00","3,679.05","3,957.85","3,984.95","3,939.31","68,39,594","26,94,32,90,283.95","3,30,086","14,04,609","20.54"
"BSE","EQ","23-Sep-2024","3,984.95","4,001.00","4,200.00","3,896.05","3,945.00","3,932.35","4,052.99","52,03,722","21,09,06,12,190.25","2,55,111","9,73,253","18.70"
"BSE","EQ","24-Sep-2024","3,932.35","3,952.00","4,077.00","3,911.20","3,978.95","3,980.15","3,998.39","24,46,010","9,78,00,99,284.30","1,35,070","5,22,143","21.35"
"BSE","EQ","25-Sep-2024","3,980.15","3,993.00","4,003.00","3,826.10","3,835.00","3,837.85","3,878.72","15,83,459","6,14,17,97,287.65","1,24,748","6,36,472","40.20"
"BSE","EQ","26-Sep-2024","3,837.85","3,935.00","3,939.95","3,735.00","3,760.00","3,759.05","3,807.56","19,10,051","7,27,26,35,264.90","1,26,690","5,70,033","29.84"
"BSE","EQ","27-Sep-2024","3,759.05","3,760.00","3,771.60","3,625.00","3,630.00","3,645.95","3,684.14","9,75,112","3,59,24,46,383.55","78,247","4,96,991","50.97"
"BSE","EQ","30-Sep-2024","3,645.95","3,580.00","3,825.00","3,579.95","3,680.00","3,684.65","3,697.66","27,70,229","10,24,33,74,508.30","1,68,320","7,26,777","26.24"
"BSE","EQ","01-Oct-2024","3,684.65","3,745.00","3,920.00","3,690.10","3,858.00","3,858.90","3,822.54","36,32,990","13,88,72,57,262.05","2,34,213","6,58,147","18.12"
"BSE","EQ","03-Oct-2024","3,858.90","3,800.00","4,235.00","3,745.05","3,980.00","3,953.60","4,071.36","1,12,22,130","45,68,93,75,563.80","6,50,847","20,33,985","18.12"
"BSE","EQ","04-Oct-2024","3,953.60","3,980.00","4,194.30","3,851.00","4,115.00","4,108.15","4,080.91","76,04,579","31,03,35,67,346.30","4,60,171","11,11,115","14.61"
"BSE","EQ","07-Oct-2024","4,108.15","4,190.00","4,260.00","3,781.05","3,861.00","3,826.45","3,991.78","61,57,156","24,57,80,41,437.05","4,25,255","14,07,111","22.85"
"BSE","EQ","08-Oct-2024","3,826.45","3,863.85","4,275.00","3,831.15","4,253.05","4,242.65","4,093.54","70,24,196","28,75,38,47,159.00","3,54,580","15,23,030","21.68"
"BSE","EQ","09-Oct-2024","4,242.65","4,307.00","4,395.00","4,160.00","4,199.00","4,181.05","4,288.66","55,23,535","23,68,85,72,858.15","3,05,239","10,17,483","18.42"
"BSE","EQ","10-Oct-2024","4,181.05","4,219.00","4,349.00","4,165.65","4,247.00","4,216.15","4,267.78","34,78,960","14,84,74,48,359.05","1,95,860","5,52,344","15.88"
"BSE","EQ","11-Oct-2024","4,216.15","4,265.00","4,550.00","4,248.70","4,534.00","4,496.45","4,391.31","64,86,810","28,48,55,65,254.10","3,39,102","13,09,233","20.18"
"BSE","EQ","14-Oct-2024","4,496.45","4,536.00","4,989.80","4,535.95","4,818.00","4,809.50","4,779.08","1,27,10,647","60,74,51,78,056.35","5,92,693","16,24,130","12.78"
"BSE","EQ","15-Oct-2024","4,809.50","4,860.00","4,887.40","4,670.00","4,779.00","4,752.25","4,753.00","42,02,290","19,97,34,97,286.60","2,60,377","7,20,058","17.13"
"BSE","EQ","16-Oct-2024","4,752.25","4,575.00","4,625.00","4,419.90","4,495.00","4,521.85","4,537.83","63,07,378","28,62,18,07,863.45","3,93,548","12,83,628","20.35"
"BSE","EQ","17-Oct-2024","4,521.85","4,528.55","4,556.80","4,200.00","4,260.00","4,257.55","4,366.87","36,27,703","15,84,17,15,380.75","2,45,675","9,15,807","25.24"
"BSE","EQ","18-Oct-2024","4,257.55","4,237.00","4,443.00","4,101.00","4,292.15","4,274.80","4,310.05","57,11,214","24,61,56,38,727.55","4,27,675","7,61,501","13.33"
"BSE","EQ","21-Oct-2024","4,274.80","4,321.00","4,459.00","4,311.10","4,350.00","4,334.40","4,369.45","27,99,692","12,23,31,00,482.70","2,13,791","5,54,650","19.81"
"BSE","EQ","22-Oct-2024","4,334.40","4,360.00","4,364.00","4,051.10","4,124.95","4,090.25","4,157.55","28,16,574","11,71,00,42,512.60","2,38,545","8,82,959","31.35"
"BSE","EQ","23-Oct-2024","4,090.25","4,110.00","4,400.00","4,011.00","4,275.00","4,273.20","4,252.41","33,72,193","14,33,99,58,715.85","2,61,538","6,22,013","18.45"
"BSE","EQ","24-Oct-2024","4,273.20","4,295.00","4,379.80","4,275.55","4,313.00","4,324.95","4,327.82","20,14,933","8,72,02,63,285.90","1,59,654","5,55,344","27.56"
"BSE","EQ","25-Oct-2024","4,324.95","4,324.90","4,324.90","3,993.65","4,068.00","4,062.75","4,110.01","23,78,853","9,77,70,98,039.95","2,05,817","6,08,434","25.58"
"BSE","EQ","28-Oct-2024","4,062.75","4,120.00","4,248.00","4,087.10","4,169.00","4,165.20","4,174.34","17,76,346","7,41,50,67,708.15","1,47,429","2,75,364","15.50"
"BSE","EQ","29-Oct-2024","4,165.20","4,186.00","4,300.00","4,137.10","4,288.00","4,284.05","4,229.87","15,80,787","6,68,65,22,221.15","1,24,586","2,93,582","18.57"
"BSE","EQ","30-Oct-2024","4,284.05","4,293.00","4,524.00","4,258.60","4,343.70","4,340.65","4,403.50","31,35,607","13,80,76,53,401.10","2,20,833","6,02,642","19.22"
"BSE","EQ","31-Oct-2024","4,340.65","4,365.00","4,492.30","4,315.10","4,483.25","4,465.60","4,412.82","19,50,878","8,60,88,64,873.40","1,60,456","3,63,698","18.64"
"BSE","EQ","01-Nov-2024","4,465.60","4,482.30","4,524.00","4,414.55","4,450.00","4,463.65","4,486.02","5,10,955","2,29,21,54,105.60","38,455","1,70,764","33.42"
"BSE","EQ","04-Nov-2024","4,463.65","4,444.00","4,560.00","4,372.00","4,419.00","4,413.65","4,462.21","21,57,364","9,62,66,05,154.75","1,75,304","4,30,986","19.98"
"BSE","EQ","05-Nov-2024","4,413.65","4,445.00","4,625.00","4,402.30","4,602.00","4,602.95","4,520.35","26,80,408","12,11,63,85,227.55","1,83,653","7,89,535","29.46"
"BSE","EQ","06-Nov-2024","4,602.95","4,648.00","4,815.00","4,618.45","4,704.00","4,684.55","4,711.37","31,92,252","15,03,98,83,993.55","2,56,249","7,31,204","22.91"
"BSE","EQ","07-Nov-2024","4,684.55","4,715.55","4,897.40","4,700.00","4,865.00","4,872.05","4,835.12","32,09,993","15,52,07,10,994.15","2,52,526","9,30,310","28.98"
"BSE","EQ","08-Nov-2024","4,872.05","4,904.00","4,969.00","4,650.30","4,668.00","4,693.90","4,840.45","31,92,229","15,45,18,12,755.30","2,58,258","6,93,684","21.73"
"BSE","EQ","11-Nov-2024","4,693.90","4,675.00","4,747.75","4,560.00","4,630.00","4,623.15","4,674.16","19,87,606","9,29,03,93,195.95","1,70,079","4,46,312","22.45"
"BSE","EQ","12-Nov-2024","4,623.15","4,675.00","4,783.90","4,621.05","4,705.00","4,678.20","4,696.54","18,10,046","8,50,09,54,589.70","1,46,471","4,64,002","25.63"
"BSE","EQ","13-Nov-2024","4,678.20","4,737.55","4,789.00","4,451.70","4,488.00","4,491.80","4,578.87","36,47,865","16,70,31,06,106.05","2,80,884","10,08,362","27.64"
"BSE","EQ","14-Nov-2024","4,491.80","4,499.00","4,665.00","4,495.00","4,524.00","4,547.80","4,588.25","18,78,541","8,61,92,12,373.10","1,49,320","4,77,178","25.40"
"BSE","EQ","18-Nov-2024","4,547.80","4,564.00","4,740.00","4,471.85","4,710.00","4,706.00","4,644.24","25,07,716","11,64,64,33,096.10","1,80,985","5,31,074","21.18"
"BSE","EQ","19-Nov-2024","4,706.00","4,748.00","4,858.00","4,693.60","4,717.00","4,727.35","4,794.30","23,28,859","11,16,52,52,232.75","1,66,946","5,61,484","24.11"
"BSE","EQ","21-Nov-2024","4,727.35","4,740.00","4,818.00","4,570.00","4,706.00","4,695.15","4,723.55","24,13,902","11,40,21,77,518.10","1,76,389","6,45,144","26.73"
"BSE","EQ","22-Nov-2024","4,695.15","4,725.00","4,784.70","4,661.10","4,730.00","4,719.95","4,724.32","15,31,614","7,23,58,29,612.05","1,13,022","4,25,684","27.79"
"BSE","EQ","25-Nov-2024","4,719.95","4,840.00","4,955.00","4,587.15","4,599.95","4,686.80","4,739.09","1,22,82,693","58,20,87,27,584.30","3,39,551","62,48,632","50.87"
"BSE","EQ","26-Nov-2024","4,686.80","4,598.00","4,659.00","4,392.00","4,429.00","4,431.10","4,505.20","43,82,423","19,74,37,06,569.10","3,16,620","13,93,573","31.80"
"BSE","EQ","27-Nov-2024","4,431.10","4,458.00","4,499.00","4,280.00","4,492.00","4,476.25","4,410.13","29,85,759","13,16,75,95,034.55","2,15,095","5,89,762","19.75"
"BSE","EQ","28-Nov-2024","4,476.25","4,528.00","4,600.00","4,470.25","4,583.05","4,573.95","4,546.74","15,97,877","7,26,51,23,930.70","1,14,301","4,16,115","26.04"
"BSE","EQ","29-Nov-2024","4,573.95","4,613.00","4,708.80","4,586.50","4,688.00","4,670.75","4,659.87","22,37,538","10,42,66,39,032.20","1,31,156","7,93,822","35.48"
"BSE","EQ","02-Dec-2024","4,670.75","4,660.00","4,687.90","4,531.60","4,550.00","4,563.85","4,601.71","15,79,496","7,26,83,82,172.90","1,11,550","5,50,280","34.84"
"BSE","EQ","03-Dec-2024","4,563.85","4,572.00","4,624.00","4,492.50","4,529.75","4,513.80","4,546.32","12,75,930","5,80,07,89,977.95","1,03,937","3,83,593","30.06"
"BSE","EQ","04-Dec-2024","4,513.80","4,536.30","4,595.00","4,485.60","4,586.00","4,572.05","4,526.66","14,34,495","6,49,34,64,916.60","92,121","5,91,402","41.23"
"BSE","EQ","05-Dec-2024","4,572.05","4,599.00","5,250.00","4,591.50","5,227.75","5,194.90","4,999.18","1,19,46,477","59,72,25,81,630.70","6,56,029","25,97,487","21.74"
"BSE","EQ","06-Dec-2024","5,194.90","5,281.45","5,445.00","5,246.60","5,379.00","5,396.45","5,358.33","62,97,523","33,74,42,06,486.20","4,32,042","10,14,507","16.11"
"BSE","EQ","09-Dec-2024","5,396.45","5,377.00","5,607.95","5,309.90","5,477.00","5,467.10","5,483.51","40,86,396","22,40,78,01,071.60","3,07,104","6,94,143","16.99"
"BSE","EQ","10-Dec-2024","5,467.10","5,487.00","5,535.70","5,352.05","5,456.15","5,466.35","5,443.07","24,18,310","13,16,30,25,040.75","2,23,568","5,16,256","21.35"
"BSE","EQ","11-Dec-2024","5,466.35","5,459.00","5,578.90","5,427.05","5,560.50","5,552.20","5,516.77","15,86,490","8,75,22,95,181.65","1,38,435","2,71,293","17.10"
"BSE","EQ","12-Dec-2024","5,552.20","5,589.65","5,717.70","5,572.05","5,614.00","5,610.70","5,650.96","20,15,465","11,38,93,16,107.45","1,58,920","4,22,335","20.95"
"BSE","EQ","13-Dec-2024","5,610.70","5,605.00","5,654.00","5,481.00","5,629.00","5,634.95","5,570.59","17,74,337","9,88,41,04,580.55","1,63,866","2,75,978","15.55"
"BSE","EQ","16-Dec-2024","5,634.95","5,655.00","5,735.95","5,620.00","5,661.00","5,663.80","5,689.81","16,22,407","9,23,11,79,671.75","1,36,455","4,38,114","27.00"
"BSE","EQ","17-Dec-2024","5,663.80","5,672.20","5,767.00","5,654.05","5,732.00","5,727.90","5,714.21","14,41,600","8,23,76,08,811.55","1,17,488","3,40,252","23.60"
"BSE","EQ","18-Dec-2024","5,727.90","5,747.00","5,751.30","5,562.00","5,633.25","5,632.45","5,649.62","13,52,848","7,64,30,73,482.95","1,21,610","3,43,217","25.37"
"BSE","EQ","19-Dec-2024","5,632.45","5,500.00","5,802.55","5,455.00","5,796.00","5,791.45","5,701.41","19,96,884","11,38,50,63,686.35","1,52,077","4,21,672","21.12"
"BSE","EQ","20-Dec-2024","5,791.45","5,821.00","5,837.95","5,512.25","5,558.45","5,542.85","5,662.88","16,17,281","9,15,84,66,054.55","1,43,335","4,81,925","29.80"
"BSE","EQ","23-Dec-2024","5,542.85","5,600.00","5,644.00","5,425.00","5,545.00","5,548.30","5,540.54","14,78,368","8,19,09,49,690.00","1,38,817","4,14,325","28.03"
"BSE","EQ","24-Dec-2024","5,548.30","5,557.95","5,565.00","5,421.90","5,441.00","5,449.60","5,473.77","9,71,752","5,31,91,50,434.35","95,940","2,10,030","21.61"
"BSE","EQ","26-Dec-2024","5,449.60","5,449.00","5,476.85","5,357.30","5,437.80","5,442.35","5,412.61","8,56,359","4,63,51,38,047.40","81,021","1,82,051","21.26"
"BSE","EQ","27-Dec-2024","5,442.35","5,473.50","5,491.60","5,257.15","5,277.60","5,278.50","5,343.58","10,05,333","5,37,20,75,997.05","1,04,659","3,00,214","29.86"
"BSE","EQ","30-Dec-2024","5,278.50","5,250.00","5,368.00","5,221.55","5,329.00","5,308.50","5,302.31","19,58,051","10,38,21,94,469.10","1,29,084","10,06,499","51.40"
"BSE","EQ","31-Dec-2024","5,308.50","5,308.00","5,350.00","5,215.40","5,328.00","5,325.40","5,291.88","9,02,246","4,77,45,76,378.40","78,535","2,66,441","29.53"
"BSE","EQ","01-Jan-2025","5,325.40","5,328.00","5,438.60","5,296.00","5,430.00","5,426.00","5,388.76","8,24,463","4,44,28,35,627.85","77,616","2,20,742","26.77"
"BSE","EQ","02-Jan-2025","5,426.00","5,446.45","5,500.00","5,359.90","5,493.90","5,466.20","5,429.69","8,25,641","4,48,29,72,132.00","75,942","2,13,795","25.89"
"BSE","EQ","03-Jan-2025","5,466.20","5,493.55","5,561.40","5,313.10","5,334.00","5,339.75","5,455.48","10,58,807","5,77,63,01,506.75","92,803","3,13,088","29.57"
"BSE","EQ","06-Jan-2025","5,339.75","5,350.00","5,377.50","5,054.95","5,084.85","5,089.00","5,182.58","12,72,607","6,59,53,88,126.10","1,35,281","4,42,829","34.80"
"BSE","EQ","07-Jan-2025","5,089.00","5,090.00","5,465.00","5,090.00","5,360.50","5,388.30","5,313.25","20,07,278","10,66,51,60,533.45","1,74,384","4,02,345","20.04"
"BSE","EQ","08-Jan-2025","5,388.30","5,392.00","5,438.95","5,257.00","5,415.00","5,400.40","5,353.38","12,66,903","6,78,22,09,804.05","1,23,417","3,61,703","28.55"
"BSE","EQ","09-Jan-2025","5,400.40","5,400.40","5,429.00","5,191.05","5,200.00","5,205.25","5,271.30","9,64,500","5,08,41,65,590.55","1,01,115","2,88,738","29.94"
"BSE","EQ","10-Jan-2025","5,205.25","5,184.45","5,260.00","5,066.50","5,123.80","5,121.65","5,154.67","13,08,509","6,74,49,33,052.65","1,16,037","3,35,868","25.67"
"BSE","EQ","13-Jan-2025","5,121.65","5,070.50","5,249.90","5,023.10","5,148.00","5,156.60","5,178.24","20,83,758","10,79,01,93,599.60","1,90,273","5,46,584","26.23"
"BSE","EQ","14-Jan-2025","5,156.60","5,275.00","5,497.90","5,202.05","5,440.00","5,448.85","5,391.24","24,09,116","12,98,81,27,555.25","2,21,132","6,27,636","26.05"
"BSE","EQ","15-Jan-2025","5,448.85","5,550.00","5,809.00","5,550.00","5,781.10","5,786.00","5,728.32","36,33,566","20,81,42,21,223.20","3,05,196","10,88,162","29.95"
"BSE","EQ","16-Jan-2025","5,786.00","5,830.00","6,030.90","5,814.05","5,982.05","5,994.65","5,964.25","27,53,235","16,42,09,95,389.90","2,13,881","7,09,868","25.78"
"BSE","EQ","17-Jan-2025","5,994.65","5,977.00","6,024.65","5,875.00","6,006.05","5,998.75","5,947.44","11,99,163","7,13,19,48,834.60","1,04,048","2,86,778","23.91"
"BSE","EQ","20-Jan-2025","5,998.75","6,070.00","6,133.40","5,914.95","5,965.05","5,979.80","6,001.07","12,77,452","7,66,60,81,827.55","1,17,880","2,56,586","20.09"
"BSE","EQ","21-Jan-2025","5,979.80","6,000.95","6,009.70","5,741.65","5,782.00","5,789.90","5,843.31","13,90,909","8,12,75,10,750.20","1,42,779","2,72,611","19.60"
"BSE","EQ","22-Jan-2025","5,789.90","5,800.00","5,815.00","5,601.00","5,750.00","5,758.70","5,721.75","15,50,508","8,87,16,17,601.30","1,67,378","3,98,228","25.68"
"BSE","EQ","23-Jan-2025","5,758.70","5,764.90","5,950.00","5,716.25","5,900.00","5,909.70","5,869.03","13,56,629","7,96,21,01,715.95","1,33,722","3,33,344","24.57"
"BSE","EQ","24-Jan-2025","5,909.70","5,910.00","6,049.80","5,812.25","5,813.05","5,835.60","5,903.15","12,41,960","7,33,14,72,554.60","1,15,548","2,89,891","23.34"
"BSE","EQ","27-Jan-2025","5,835.60","5,709.00","5,763.30","5,371.00","5,430.00","5,441.15","5,537.04","20,45,887","11,32,81,56,702.95","1,74,412","6,29,517","30.77"
"BSE","EQ","28-Jan-2025","5,441.15","5,441.15","5,488.00","5,131.65","5,133.50","5,156.75","5,266.58","28,16,761","14,83,46,94,127.90","2,80,690","9,17,579","32.58"
"BSE","EQ","29-Jan-2025","5,156.75","5,150.00","5,384.40","5,136.05","5,369.00","5,362.75","5,283.26","17,02,312","8,99,37,58,823.45","1,50,227","3,52,865","20.73"
"BSE","EQ","30-Jan-2025","5,362.75","5,422.55","5,426.90","5,192.05","5,232.00","5,238.90","5,284.10","14,70,315","7,76,92,97,949.70","1,13,010","3,43,384","23.35"
"BSE","EQ","31-Jan-2025","5,238.90","5,255.00","5,318.65","5,218.05","5,315.00","5,305.95","5,275.97","11,02,555","5,81,70,49,324.15","98,564","3,47,824","31.55"
"BSE","EQ","01-Feb-2025","5,305.95","5,323.50","5,469.45","5,251.00","5,387.00","5,404.05","5,375.97","12,54,612","6,74,47,58,559.00","1,04,200","1,40,474","11.20"
"BSE","EQ","03-Feb-2025","5,404.05","5,331.00","5,440.00","5,270.00","5,415.00","5,415.40","5,350.87","11,22,494","6,00,63,20,094.35","1,00,565","3,14,760","28.04"
"BSE","EQ","04-Feb-2025","5,415.40","5,468.00","5,593.65","5,451.95","5,539.00","5,565.35","5,520.09","12,55,017","6,92,78,09,408.65","99,540","3,33,225","26.55"
"BSE","EQ","05-Feb-2025","5,565.35","5,618.45","5,855.00","5,570.00","5,818.00","5,833.10","5,739.55","20,74,466","11,90,65,02,797.75","1,76,629","5,32,075","25.65"
"BSE","EQ","06-Feb-2025","5,833.10","5,858.00","5,858.00","5,520.00","5,562.00","5,567.55","5,658.88","19,56,398","11,07,10,20,610.50","1,62,275","5,52,162","28.22"
"BSE","EQ","07-Feb-2025","5,567.55","5,500.00","5,748.70","5,463.10","5,709.00","5,726.10","5,639.42","26,79,040","15,10,82,20,892.10","1,97,916","5,01,833","18.73"
"BSE","EQ","10-Feb-2025","5,726.10","5,730.00","5,794.95","5,600.00","5,640.00","5,629.60","5,681.05","13,75,894","7,81,65,25,233.60","1,19,899","4,83,906","35.17"
"BSE","EQ","11-Feb-2025","5,629.60","5,650.00","5,664.05","5,151.00","5,203.00","5,187.15","5,302.59","24,08,978","12,77,38,26,136.35","2,20,447","7,74,819","32.16"
"BSE","EQ","12-Feb-2025","5,187.15","5,194.00","5,435.00","5,044.10","5,339.00","5,355.30","5,263.90","42,65,086","22,45,09,97,622.10","3,41,845","7,30,347","17.12"
"BSE","EQ","13-Feb-2025","5,355.30","5,364.00","5,394.95","5,206.00","5,252.70","5,255.45","5,294.17","19,53,805","10,34,37,76,921.75","1,64,635","4,79,177","24.53"
"BSE","EQ","14-Feb-2025","5,255.45","5,335.00","5,335.00","5,066.00","5,090.00","5,120.55","5,189.31","23,80,887","12,35,51,61,623.35","1,83,061","5,70,246","23.95"
"BSE","EQ","17-Feb-2025","5,120.55","5,099.50","5,234.00","4,971.00","5,210.00","5,208.70","5,137.89","19,19,814","9,86,37,90,634.10","1,65,329","4,55,641","23.73"
"BSE","EQ","18-Feb-2025","5,208.70","5,209.00","5,227.00","5,090.00","5,165.00","5,186.10","5,149.40","12,52,841","6,45,13,75,668.15","1,10,555","3,64,395","29.09"
"BSE","EQ","19-Feb-2025","5,186.10","5,155.00","5,674.70","5,149.95","5,608.50","5,631.00","5,513.63","39,43,621","21,74,36,77,177.95","2,65,158","12,14,147","30.79"
"BSE","EQ","20-Feb-2025","5,631.00","5,687.00","5,983.00","5,604.50","5,940.00","5,959.15","5,833.92","48,88,570","28,51,95,08,265.50","3,23,038","10,41,667","21.31"
"BSE","EQ","21-Feb-2025","5,959.15","5,939.90","6,047.45","5,712.45","5,745.00","5,757.80","5,862.36","33,59,740","19,69,60,01,947.75","2,38,065","5,14,270","15.31"
"BSE","EQ","24-Feb-2025","5,757.80","5,650.00","5,742.00","5,586.00","5,594.00","5,609.25","5,642.26","14,87,461","8,39,26,34,960.70","1,23,567","2,68,143","18.03"
"BSE","EQ","25-Feb-2025","5,609.25","5,650.00","5,665.35","5,490.00","5,494.00","5,502.00","5,552.03","17,32,174","9,61,70,79,315.35","1,29,788","3,33,187","19.24"
"BSE","EQ","27-Feb-2025","5,502.00","5,514.95","5,524.00","5,120.00","5,145.00","5,162.50","5,228.74","27,48,300","14,37,01,43,878.50","2,27,157","6,83,691","24.88"
"BSE","EQ","28-Feb-2025","5,162.50","5,120.00","5,199.00","4,551.20","4,654.00","4,633.70","4,754.88","71,79,306","34,13,67,12,612.65","4,68,558","15,15,151","21.10"
"BSE","EQ","03-Mar-2025","4,633.70","4,615.00","4,615.00","4,343.65","4,366.00","4,359.45","4,442.17","63,40,155","28,16,40,16,177.40","4,05,293","17,13,013","27.02"
"BSE","EQ","04-Mar-2025","4,359.45","4,282.10","4,564.95","4,187.00","4,446.75","4,453.65","4,456.25","64,17,317","28,59,71,53,649.95","3,77,771","10,18,835","15.88"
"BSE","EQ","05-Mar-2025","4,453.65","4,300.00","4,372.65","4,035.10","4,290.00","4,299.10","4,207.72","1,09,04,577","45,88,33,93,778.95","5,88,275","17,35,895","15.92"
"BSE","EQ","06-Mar-2025","4,299.10","4,380.00","4,383.75","4,215.00","4,218.95","4,253.45","4,302.76","48,93,825","21,05,69,57,514.50","2,77,932","8,60,277","17.58"
"BSE","EQ","07-Mar-2025","4,253.45","4,229.90","4,324.80","4,162.05","4,183.00","4,178.30","4,240.77","36,80,483","15,60,80,68,589.85","2,17,793","6,14,336","16.69"
"BSE","EQ","10-Mar-2025","4,178.30","4,170.00","4,233.80","3,976.05","3,982.90","3,998.95","4,059.06","41,72,387","16,93,59,66,671.35","2,48,429","9,01,690","21.61"
"BSE","EQ","11-Mar-2025","3,998.95","3,920.00","3,978.95","3,682.00","3,830.00","3,809.75","3,826.06","72,62,591","27,78,70,77,099.35","3,84,134","13,76,616","18.95"
"BSE","EQ","12-Mar-2025","3,809.75","3,865.00","4,068.90","3,865.00","4,005.00","4,014.40","3,984.80","63,27,755","25,21,48,63,018.05","3,08,378","5,52,254","8.73"
"BSE","EQ","13-Mar-2025","4,014.40","4,014.40","4,059.35","3,900.00","3,907.00","3,926.25","3,974.45","37,70,603","14,98,60,54,742.60","1,81,522","5,82,092","15.44"
"BSE","EQ","17-Mar-2025","3,926.25","3,969.60","4,025.00","3,901.00","3,969.05","3,962.35","3,967.91","29,09,132","11,54,31,74,963.95","1,56,841","3,62,637","12.47"
"BSE","EQ","18-Mar-2025","3,962.35","4,008.00","4,167.95","3,980.00","4,150.00","4,146.70","4,067.24","33,20,085","13,50,35,98,723.95","1,59,425","6,80,131","20.49"
"BSE","EQ","19-Mar-2025","4,146.70","4,164.00","4,413.25","4,155.50","4,388.00","4,392.45","4,319.15","51,70,862","22,33,37,13,638.20","2,72,098","11,35,824","21.97"
"BSE","EQ","20-Mar-2025","4,392.45","4,434.00","4,553.00","4,355.00","4,472.60","4,478.10","4,462.26","53,69,538","23,96,02,68,873.95","2,86,393","7,02,190","13.08"
"BSE","EQ","21-Mar-2025","4,478.10","4,489.00","4,850.00","4,455.10","4,802.05","4,779.75","4,674.36","70,34,374","32,88,12,10,462.80","3,11,839","14,53,954","20.67"
"BSE","EQ","24-Mar-2025","4,779.75","4,840.00","4,908.90","4,621.70","4,675.00","4,655.05","4,773.18","58,12,477","27,74,40,17,125.40","3,17,147","10,05,856","17.31"
"BSE","EQ","25-Mar-2025","4,655.05","4,684.00","4,777.30","4,615.80","4,636.50","4,651.65","4,679.36","41,39,649","19,37,08,93,398.25","2,39,413","5,48,942","13.26"
"BSE","EQ","26-Mar-2025","4,651.65","4,670.00","4,687.00","4,453.00","4,484.00","4,474.70","4,553.28","29,59,945","13,47,74,43,623.60","1,79,298","6,01,403","20.32"
"BSE","EQ","27-Mar-2025","4,474.70","4,650.00","4,735.00","4,578.20","4,694.00","4,684.35","4,673.27","69,33,992","32,40,43,97,028.85","3,77,784","10,33,059","14.90"
"BSE","EQ","28-Mar-2025","4,684.35","5,000.00","5,534.40","5,000.00","5,438.00","5,479.80","5,349.98","1,87,73,111","1,00,43,57,94,762.60","9,66,795","23,68,727","12.62"
"BSE","EQ","01-Apr-2025","5,479.80","5,544.00","5,575.50","5,430.00","5,468.00","5,466.00","5,489.85","46,49,115","25,52,29,36,301.90","2,80,365","7,30,387","15.71"
"BSE","EQ","02-Apr-2025","5,466.00","5,469.00","5,680.00","5,430.00","5,662.00","5,654.85","5,584.92","48,53,044","27,10,38,55,735.70","2,99,118","6,26,678","12.91"
"BSE","EQ","03-Apr-2025","5,654.85","5,576.00","5,787.20","5,561.50","5,620.00","5,620.85","5,656.54","45,00,120","25,45,50,96,168.50","2,76,702","8,63,586","19.19"
"BSE","EQ","04-Apr-2025","5,620.85","5,623.45","5,659.65","5,462.80","5,524.95","5,517.45","5,548.44","38,01,665","21,09,33,15,400.35","2,38,856","6,11,127","16.08"
"BSE","EQ","07-Apr-2025","5,517.45","5,000.05","5,250.00","4,978.35","5,227.00","5,182.45","5,117.53","42,14,367","21,56,71,37,616.50","2,74,433","10,16,930","24.13"
"BSE","EQ","08-Apr-2025","5,182.45","5,400.00","5,558.85","5,352.55","5,500.20","5,538.20","5,448.77","34,74,022","18,92,91,44,395.45","2,38,670","5,53,143","15.92"
"BSE","EQ","09-Apr-2025","5,538.20","5,500.20","5,610.00","5,407.60","5,546.00","5,548.35","5,518.14","31,61,970","17,44,82,02,135.95","1,98,493","6,26,018","19.80"
"BSE","EQ","11-Apr-2025","5,548.35","5,697.40","5,724.00","5,582.00","5,639.10","5,644.75","5,653.46","26,43,655","14,94,57,88,332.35","1,69,984","5,22,086","19.75"
"BSE","EQ","15-Apr-2025","5,644.75","5,751.00","5,975.00","5,721.00","5,964.00","5,958.00","5,890.00","26,38,031","15,53,79,89,980.00","1,88,420","7,27,637","27.58"
"BSE","EQ","16-Apr-2025","5,958.00","5,987.00","5,998.00","5,860.00","5,927.00","5,930.50","5,926.02","22,21,360","13,16,38,15,262.00","1,60,469","5,15,065","23.19"
"BSE","EQ","17-Apr-2025","5,930.50","5,909.00","6,040.00","5,865.50","5,931.00","5,931.00","5,941.59","25,84,490","15,35,59,79,473.50","1,65,628","4,75,062","18.38"
"BSE","EQ","21-Apr-2025","5,931.00","5,981.00","6,313.00","5,970.00","6,304.00","6,285.00","6,181.02","40,85,227","25,25,08,66,243.00","2,65,158","7,59,949","18.60"
"BSE","EQ","22-Apr-2025","6,285.00","6,348.00","6,408.00","6,225.00","6,239.00","6,241.50","6,317.22","33,64,800","21,25,61,79,287.50","2,23,921","6,42,814","19.10"
"BSE","EQ","23-Apr-2025","6,241.50","6,299.00","6,459.00","6,225.00","6,446.00","6,439.00","6,362.60","36,71,456","23,36,00,02,026.00","2,51,491","8,73,550","23.79"
"BSE","EQ","24-Apr-2025","6,439.00","6,450.00","6,564.00","6,420.00","6,485.00","6,493.50","6,508.28","27,68,070","18,01,53,69,655.50","1,83,398","5,51,472","19.92"
"BSE","EQ","25-Apr-2025","6,493.50","6,525.00","6,595.00","6,172.50","6,296.00","6,303.50","6,349.41","42,81,653","27,18,59,73,280.50","3,08,436","7,55,811","17.65"
"BSE","EQ","28-Apr-2025","6,303.50","6,300.00","6,597.50","6,272.00","6,540.00","6,564.50","6,466.75","29,07,978","18,80,51,67,607.00","2,02,587","6,78,078","23.32"
"BSE","EQ","29-Apr-2025","6,564.50","6,601.00","6,808.00","6,561.50","6,660.00","6,641.50","6,700.51","36,80,234","24,65,94,55,023.00","2,61,940","6,32,852","17.20"
"BSE","EQ","30-Apr-2025","6,641.50","6,670.00","6,670.00","6,322.50","6,339.50","6,359.00","6,445.02","24,62,279","15,86,94,33,699.50","2,16,669","6,77,645","27.52"
"BSE","EQ","02-May-2025","6,359.00","6,361.00","6,509.00","6,286.00","6,315.00","6,306.50","6,379.71","25,67,773","16,38,16,43,300.00","1,81,499","4,51,163","17.57"
"BSE","EQ","05-May-2025","6,306.50","6,350.00","6,477.50","6,270.00","6,465.00","6,453.50","6,384.25","21,98,212","14,03,39,35,713.50","1,62,634","3,89,193","17.70"
"BSE","EQ","06-May-2025","6,453.50","6,475.00","6,529.50","6,220.00","6,250.00","6,245.00","6,383.78","25,11,339","16,03,18,41,546.50","1,89,834","4,56,730","18.19"
"BSE","EQ","07-May-2025","6,245.00","6,370.00","6,847.50","6,352.50","6,670.00","6,652.50","6,685.49","1,08,72,465","72,68,77,53,194.00","6,70,982","13,91,476","12.80"
"BSE","EQ","08-May-2025","6,652.50","6,729.00","6,894.00","6,631.00","6,644.50","6,690.00","6,809.11","52,71,948","35,89,72,74,081.50","3,55,026","7,33,017","13.90"
"BSE","EQ","09-May-2025","6,690.00","6,500.00","6,650.00","6,482.00","6,600.00","6,572.00","6,549.33","35,19,848","23,05,26,52,709.50","2,31,410","4,60,295","13.08"
"BSE","EQ","12-May-2025","6,572.00","6,900.00","7,047.00","6,865.00","6,965.00","6,955.50","6,959.68","39,61,228","27,56,88,90,713.50","2,46,007","6,45,324","16.29"
"BSE","EQ","13-May-2025","6,955.50","7,000.00","7,346.00","6,981.50","7,305.00","7,315.50","7,202.68","53,85,278","38,78,84,39,522.50","3,35,132","9,64,056","17.90"
"BSE","EQ","14-May-2025","7,315.50","7,352.00","7,422.50","7,251.50","7,357.00","7,347.00","7,331.18","31,48,265","23,08,04,82,384.50","2,28,355","5,37,491","17.07"
"BSE","EQ","15-May-2025","7,347.00","7,352.00","7,352.00","7,111.50","7,150.00","7,148.00","7,190.09","33,60,057","24,15,91,27,138.00","2,35,642","9,99,524","29.75"
"BSE","EQ","16-May-2025","7,148.00","7,200.00","7,315.00","7,191.50","7,285.00","7,279.00","7,271.56","18,13,304","13,18,55,49,998.50","1,33,540","4,46,982","24.65"
"BSE","EQ","19-May-2025","7,279.00","7,315.00","7,475.00","7,282.00","7,475.00","7,459.00","7,399.05","22,59,945","16,72,14,35,870.50","1,75,142","4,67,126","20.67"
"BSE","EQ","20-May-2025","7,459.00","7,533.00","7,588.00","7,362.00","7,400.00","7,385.50","7,485.46","32,76,806","24,52,83,91,098.00","2,20,254","7,27,026","22.19"
"BSE","EQ","21-May-2025","7,385.50","7,400.00","7,470.00","7,200.50","7,314.50","7,305.00","7,335.75","27,77,717","20,37,66,34,245.00","2,08,799","5,94,761","21.41"
"BSE","EQ","22-May-2025","7,305.00","7,305.00","7,320.50","6,895.00","7,015.00","6,996.50","7,031.02","50,26,831","35,34,37,68,903.00","3,65,508","10,56,686","21.02"
"BSE","EQ","23-May-2025","6,996.50","2,358.00","2,488.00","2,335.00","2,449.00","2,448.00","2,421.12","1,65,56,320","40,08,48,45,864.00","6,25,186","31,01,134","18.73"
"BSE","EQ","26-May-2025","2,448.00","2,480.00","2,526.00","2,435.00","2,452.00","2,450.00","2,482.40","92,88,433","23,05,75,76,116.00","3,59,139","23,94,950","25.78"
"BSE","EQ","27-May-2025","2,450.00","2,450.00","2,450.00","2,395.50","2,409.00","2,404.00","2,415.64","65,53,028","15,82,97,30,917.00","2,85,023","21,21,251","32.37"
"BSE","EQ","28-May-2025","2,404.00","2,425.00","2,438.00","2,385.00","2,404.00","2,404.00","2,410.86","50,94,893","12,28,30,52,016.50","1,73,883","12,94,999","25.42"
"BSE","EQ","29-May-2025","2,404.00","2,429.00","2,470.00","2,391.00","2,468.00","2,464.50","2,431.59","61,62,725","14,98,52,47,121.50","1,74,722","21,54,554","34.96"
"BSE","EQ","30-May-2025","2,464.50","2,472.50","2,690.00","2,469.00","2,669.00","2,674.00","2,625.35","1,84,65,797","48,47,91,54,854.50","5,03,206","55,55,488","30.09"
"BSE","EQ","02-Jun-2025","2,674.00","2,690.00","2,735.20","2,647.00","2,693.00","2,693.30","2,696.88","1,09,92,168","29,64,45,70,724.20","3,52,838","32,77,082","29.81"
"BSE","EQ","03-Jun-2025","2,693.30","2,720.00","2,787.80","2,692.00","2,758.00","2,764.90","2,740.60","86,63,975","23,74,44,69,906.70","2,80,223","20,53,250","23.70"
"BSE","EQ","04-Jun-2025","2,764.90","2,779.90","2,815.00","2,711.00","2,809.00","2,797.10","2,757.04","68,27,661","18,82,41,06,425.30","2,34,805","16,23,352","23.78"
"BSE","EQ","05-Jun-2025","2,797.10","2,821.10","2,918.00","2,815.00","2,915.00","2,909.80","2,871.84","1,10,94,118","31,86,05,55,587.30","3,93,792","25,05,430","22.58"
"BSE","EQ","06-Jun-2025","2,909.80","2,939.80","2,985.00","2,920.00","2,933.80","2,933.20","2,953.12","1,03,65,779","30,61,14,04,763.20","4,06,030","26,19,111","25.27"
"BSE","EQ","09-Jun-2025","2,933.20","2,970.00","3,024.90","2,935.30","2,992.00","2,994.40","2,988.28","72,98,847","21,81,10,30,894.40","2,66,070","16,55,473","22.68"
"BSE","EQ","10-Jun-2025","2,994.40","3,009.30","3,030.00","2,975.20","3,007.00","3,005.40","3,006.42","71,37,028","21,45,69,16,718.80","2,25,736","19,42,179","27.21"
"BSE","EQ","11-Jun-2025","3,005.40","3,015.00","3,019.90","2,823.10","2,872.00","2,882.40","2,903.23","1,06,65,889","30,96,55,51,289.60","4,65,121","30,76,432","28.84"
"BSE","EQ","12-Jun-2025","2,882.40","2,860.00","2,860.90","2,748.40","2,755.00","2,754.10","2,790.52","96,01,852","26,79,41,73,853.30","4,84,989","39,10,061","40.72"
"BSE","EQ","13-Jun-2025","2,754.10","2,653.00","2,770.00","2,653.00","2,722.00","2,711.20","2,717.48","75,06,707","20,39,93,42,780.10","2,76,684","24,85,083","33.10"
"BSE","EQ","16-Jun-2025","2,711.20","2,725.00","2,769.00","2,675.00","2,701.80","2,697.40","2,709.21","57,60,092","15,60,52,72,031.40","2,54,784","18,82,282","32.68"
"BSE","EQ","17-Jun-2025","2,697.40","2,719.00","2,730.00","2,622.30","2,660.00","2,664.40","2,678.77","61,62,135","16,50,69,57,751.20","2,64,507","15,33,287","24.88"
"BSE","EQ","18-Jun-2025","2,664.40","2,525.00","2,664.00","2,500.00","2,632.60","2,633.20","2,625.98","99,63,748","26,16,46,02,053.40","3,75,894","28,13,154","28.23"
"BSE","EQ","19-Jun-2025","2,633.20","2,645.00","2,656.40","2,584.00","2,589.00","2,595.40","2,614.17","41,53,374","10,85,76,19,429.60","1,66,505","9,51,253","22.90"
"BSE","EQ","20-Jun-2025","2,595.40","2,600.00","2,698.40","2,571.00","2,691.00","2,688.10","2,638.14","58,02,506","15,30,77,95,140.20","2,05,739","14,88,103","25.65"
"BSE","EQ","23-Jun-2025","2,688.10","2,670.00","2,795.00","2,648.00","2,771.50","2,775.30","2,731.00","70,02,677","19,12,42,98,688.30","2,56,309","16,53,961","23.62"